Type	assay_name	assay_validation	targetTaxonomicAssay	targetTaxonomicScope	target_gene	target_subfragment	ampliconSize	pcr_primer_forward	pcr_primer_reverse	pcr_primer_name_forward	pcr_primer_name_forward_alt1	pcr_primer_name_reverse	pcr_primer_name_reverse_alt2	pcr_primer_reference_forward	pcr_primer_reference_reverse	Protocol	Notes
metabarcoding	ssu12sv5v6_mifish	not provided	12S rRNA gene sequencing targeting the V5-V6 region using primers MiFish-F V2 and MiFish-R	fishes	12S rRNA	V5-V6	163 | 185	GCCGGTAAAACTCGTGCCAGC	CATAGTGGGGTATCTAATCCCAGTTTG	MiFish-U-F-V2		MiFish-U-R		10.1098/rsos.150088	10.1098/rsos.150088		
metabarcoding	ssu16sv4v5_emp	not provided	16S rRNA gene sequencing targeting the V4-V5 region using primers 515F and 926R	"Prokaryotes, including Bacteria and Archaea"	16S rRNA	V4-V5	411	GTGYCAGCMGCCGCGGTAA	CCGYCAATTYMTTTRAGTTT	515F-Y		926R		10.1111/1462-2920.13023	10.1111/1462-2920.13023		
metabarcoding	ssu18sv9_emp	not provided	18S rRNA gene sequencing targeting the V9 region using primers 1391F and EukBr	"Eukaryotes, with a focus on microbial eukaryotic lineages"	18S rRNA	V9	260	GTACACACCGCCCGTC	TGATCCTTCTGCAGGTTCACCTAC	1391F		EukBr		10.1371/journal.pone.0006372	10.1371/journal.pone.0006372		
metabarcoding	MiFishMod_UniversalTeleost_12S	not provided	12S rRNA gene sequencing targeting the V5-V6 region using primers MiFish-U-F_mod and MiFish-R	fishes	12S rRNA	V5-V6	163 | 185	GCCGGTAAAACTCGTGCCAGC	CATAGTGGGGTATCTAATCCCAGTTTG	MiFish-U-F_mod		MiFish-U-R		https://doi.org/10.1002/edn3.14	http://dx.doi.org/10.1098/rsos.150088		
metabarcoding	MiFish_UniversalTeleost_12S	not provided	12S rRNA gene sequencing targeting the V5-V6 region using primers MiFish-U-F  and MiFish-R	fishes	12S rRNA	V5-V6	163 | 185	GTCGGTAAAACTCGTGCCAGC	CATAGTGGGGTATCTAATCCCAGTTTG	MiFish-U		MiFish-U-R		http://dx.doi.org/10.1098/rsos.150088	http://dx.doi.org/10.1098/rsos.150088		
metabarcoding	EMP_universal_SSU16S_V4	not provided	16S rRNA gene sequencing targeting the V4-5 region using primers 515F and 806R	"Universal, focus on prokaryotic microbes, including Bacteria and Archaea"	16S rRNA	V4-V5	291	GTGYCAGCMGCCGCGGTAA	GGACTACNVGGGTWTCTAAT	515F		806R		http://doi.org/10.3354/ame01753	http://doi.org/10.3354/ame01753		
metabarcoding	Parada_universal_SSU16S_V4	not provided	16S rRNA gene sequencing targeting the V4-5 region using primers 515F and 926R	"Universal, focus on prokaryotic microbes"	16S rRNA	V4-V5	336 | 486	GTGYCAGCMGCCGCGGTAA	CCGYCAATTYMTTTRAGTTT	515F	515Y	926R		https://doi.org/10.1111/1462-2920.13023	https://doi.org/10.1111/1462-2920.13023		
metabarcoding	deJonge_Ceph_18S	not provided	18S rRNA gene sequencing using primers Ceph18S_F and Ceph18S_R	cephalopods	18S		140 | 190	CGCGGCGCTACATATTAGAC	GCACTTAACCGACCGTCGAC	Ceph18S_F		Ceph18S_R		10.1098/rsos.201388	10.1098/rsos.201388		
metabarcoding	Stoeck_Balzano-phytoplankton_18S_V4	not provided	18S V4 rRNA gene sequencing targeting the V4 region using primers 18S_V4F and 18S_V4R	"Eukaryotes, with a focus on microbial eukaryotic lineages like phytoplankton"	18S rRNA	V4	270	CCAGCASCYGCGGTAATTCC	ACTTTCGTTCTTGATYRR	18S_V4F	18S V4 V4F-TAReuk454FWD1	18S_V4RB	18s v4 V4RB-TAReukREV3	https://doi.org/10.1111/j.1365-294X.2009.04480.x	https://doi.org/10.3354/ame01740		
metabarcoding	Stoeck_NCOG-phytoplankton_18S_V4	not provided	18S V4 rRNA gene sequencing targeting the V4 region using primers 18S_V4F and 18S_V4NCOG	"Eukaryotes, with a focus on microbial eukaryotic lineages like phytoplankton"	18S rRNA	V4	270	CCAGCASCYGCGGTAATTCC	ACTTTCGTTCTTGATYR	18S_V4F	18S V4 V4F-TAReuk454FWD1	18S_V4NCOG	18s v4 V4RNCOG-TAReukREV3	https://doi.org/10.1111/j.1365-294X.2009.04480.x	https://doi.org/10.1038/s41467-022-30139-4		"NOAA Calcofi Ocean Genomics program (NCOG) cites the Balzano et al. paper for their choice of primer, but they  use a different reverse with the final basepair removed ¨. Thus we renamed the reverse primer to 18s v4 V4RNCOG-TAReukREV3 but the original paper refers to 18s v4 V4RB-TAReukREV3"
metabarcoding	Stoeck_PR2_phytoplankton_18S_V4	not provided	18S V4 rRNA gene sequencing targeting the V4 region using primers 18s V4 V4F-TAReuk454FWD1 and 18S V4R_Zig / V4 18S Next.Rev	"Eukaryotes, with a focus on microbial eukaryotic lineages like phytoplankton"	18S rRNA	V4	87 | 186	CCAGCASCYGCGGTAATTCC	ACTTTCGTTCTTGATYRATGA	18s V4 V4F-TAReuk454FWD1		18S V4R_Zig / V4 18S Next.Rev		https://doi.org/10.1093/femsec/fiw200	https://doi.org/10.1093/femsec/fiw200		
metabarcoding	Machida_metazoan_18S_V8	not provided	18S V7-8 rRNA gene sequencing targeting the V7-8 region using primers Machida_18S V78 F and 18S Machida - Nex - R	Metazoans	18S rRNA	V7-8	330	GYGGTGCATGGCCGTTSKTRGTT	GTGTGYACAAAGGBCAGGGAC	Machida_18S V78 F	18S Machida - Nex - F	18S Machida - Nex - R		https://doi.org/10.1371/journal.pone.0046180	https://doi.org/10.1371/journal.pone.0046180		
metabarcoding	AmaralZettler_phytoplankton_18S_V9	not provided	18S V9 rRNA gene sequencing targeting the V9 region using primers 18S V9 1389 F and 18s v9 1510 R	"Eukaryotes, with a focus on microbial eukaryotic lineages like phytoplankton"	18S rRNA	V9	87 | 186	TTGTACACACCGCCC	CCTTCYGCAGGTTCACCTAC	18S V9 1389 F		18s v9 1510 R		https://doi.org/10.1371/journal.pone.0006372	https://doi.org/10.1371/journal.pone.0006372		
metabarcoding	AmaralZettler_Tara_phytoplankton_18S_V9	not provided	18S V9 rRNA gene sequencing targeting the V9 region using primers 18S V9 1389 F and 18s v9 1510 R	"Eukaryotes, with a focus on microbial eukaryotic lineages like phytoplankton"	18S rRNA	V9	87 | 186	TTGTACACACCGCCC	CCTTCYGCAGGTTCACCTAC	18S V9 1389 F		18s v9 1510 R		https://doi.org/10.1371/annotation/50c43133-0df5-4b8b-8975-8cc37d4f2f26	https://doi.org/10.1371/annotation/50c43133-0df5-4b8b-8975-8cc37d4f2f26		
metabarcoding	AmaralZettler_MBON_phytoplankton_18S_V9	not provided	18S V9 rRNA gene sequencing targeting the V9 region using primers Euk1391F and EukBr (1510r)	"Eukaryotes, with a focus on microbial eukaryotic lineages like phytoplankton"	18S rRNA	V9	87 | 186	GTACACACCGCCCGTC	TGATCCTTCTGCAGGTTCACCTAC	Euk1391F		EukBr (1510r)		https://doi.org/10.1371/annotation/50c43133-0df5-4b8b-8975-8cc37d4f2f26	https://doi.org/10.1371/annotation/50c43133-0df5-4b8b-8975-8cc37d4f2f26		
metabarcoding	LerayFolmer_metazoan_CO1	not provided	CO1 gene sequencing using primers Leray F and Folmer R	Metazoans	CO1		313	GGWACWGGWTGAACWGTWTAYCCYCC	TAAACTTCAGGGTGACCAAAAAATCA	Leray F	mlCOIinfF	Folmer R	HCO2198	"https://doi.org/10.1186/1742-9994-10-34
"	https://www.mbari.org/wp-content/uploads/2016/01/Folmer_94MMBB.pdf		
metabarcoding	LerayGeller_metazoan_CO1	not provided	CO1 gene sequencing using primers Leray F and Leray R	Metazoans	CO1		313	GGWACWGGWTGAACWGTWTAYCCYCC	TANACYTCnGGRTGNCCRAARAAYCA	Leray F	mlCOIinfF	Leray R	Geller R |  jgHCO2198	https://doi.org/10.1186/1742-9994-10-34	https://doi.org/10.1186/1742-9994-10-34		
metabarcoding	Baker_marmam_dLoop	not provided	dloop gene sequencing using primers Baker F Dlp1.5-H and Baker R Oordlp4	Marine Mammals	dloop		389	TCACCCAAAGCTGRARTTCTA	GCGGGTTGCTGGTTTCACG	Baker F Dlp1.5-H		Baker R Oordlp4		https://doi.org/10.1046/j.1365-294x.1998.00380.x	https://doi.org/10.3389/fmars.2018.00133		
metabarcoding	WhiteSterling_phytoplankton_ITS1	not provided	ITS1 gene sequencing using primers ITS1 F and Pn-ITS1 - Nex - R	Diatoms	ITS1		235 | 370_	TCCGTAGGTGAACCTGCGG	CATCCACCGCTGAAAGTTGTAA	ITS1 F		Pn-ITS1 - Nex - R		https://aslopubs.onlinelibrary.wiley.com/doi/10.1002/lno.12189			
metabarcoding	Kelly_metazoan_mt16S	not provided	rRNA gene sequencing using primers 16S Kelly F and 16S Kelly R	metazoans	16S rRNA		114	AGTTACYYTAGGGATAACAGCG	CCGGTCTGAACTCAGATCAYGT	16S Kelly F		16S Kelly R		https://peerj.com/articles/2444/			
metabarcoding	MutS_coral	not provided	MutS gene sequencing using primers using primers MutS eDNA F and MutS eDNA R	Octocorals	MutS			GCTTATCCAGATTGGTAAGTTCTATGAA	ACAGTCCTCTAAATTACAACTAGGAGAATA	MutS eDNA F		MutS eDNA R					
metabarcoding	MutS_coral_Paragorgia	not provided	MutS gene sequencing using primers using primers MutS eDNA F and MutS eDNA R Paragorgia	Octocorals-fills in Paragorgia	MutS			GCTTATCCAGATTGGTAAGTTCTATGAA	GCAGTCTTCTAAATTGCAACCGGGAGAATA	MutS eDNA F		MutS eDNA R Paragorgia					